recipe_index,drink_name,ingredients_list, sugar_included,alcohol_content,no_of_liquid_ingredients,no_of_ingredients,fruit,juice,flavour,total_quantity_in_CL,preparations
0-recipe,Ti'punch,white rum;syrup;lime,FALSE,high,2,3,TRUE,FALSE,sweet,8,"Wash a lime, remove top and bottom, and thinly slice into half rings. Add lime pieces to glass and crush with the flat end of a barspoon.;Add rum and cane syrup, top with broken ice, and muddle together. Add a short straw, and serve.}}"
1-recipe,Exotic Cocktail passion fruit,Lemonade;Blue curacao;passion fruit syrup;lemon juice;ice cube,FALSE,low,4,5,FALSE,TRUE,sweet,3655,"In a shaker, combine syrup curacao syrup, passion fruit and lemon juice.;Shake well and pour the mixture into a container.;Stir liter of lemonade and mix well.;Add 5 ice cubes and serve.}}"
2-recipe,Builder,cucumbers;lemon;sugar;ice cube,TRUE,none,0,4,TRUE,FALSE,sweet,0,"Mix a cucumber in a centrifuge, put the lemon juice, the sugar and the icebergs.;Serve in a glass decorated of a lemon slice}}"
3-recipe,Raspberry cocktail,raspberry;cane sugar;kirsch;Lemonade;lemon;Cremant,TRUE,high,4,6,TRUE,FALSE,sweet,450,"The day before: put the raspberries, lemon slices, 3 glasses of cane sugar syrup, kirsch and half lemonade in a large container and marinate in the fridge.;Put the rest of lemonade and bottles of sparkling wine in the fridge.;Just before serving:;Added to the preparation the day before the rest of lemonade and bottles of Cremant. Taste and add sugar cane if necessary because certain sound more bitter than other Cremants.}}"
4-recipe,Cocktail for lovers,Orange juice;cointreau;cognac;grenadine;champagne;raspberry,FALSE,high,5,6,TRUE,TRUE,sweet,53,Mix all ingredients (in advance if possible put in the fridge) with a spoon or shaker.;Add just before serving raspberries (so they keep their consistency) or one hour before if you require well soaked.}}
5-recipe,Coconut kiss,pineapple juice;orange juice;coconut;sour cream,FALSE,none,4,4,FALSE,TRUE,sour,12,"Mix juices, syrups and sour cream in a shaker.;Serve in a glass with an ananas slice and a piece of orange}}"
6-recipe,Shot spice,Grenadine;tabasco sauce;vodka,FALSE,high,2,3,FALSE,FALSE,spicy,9,"In a small glass (about 4 cm in diameter and 5 cm high), add 3 mm grenadine syrup.;Add 4-6 drops of tabasco, then slowly pour 2-3 cm vodka (cold, preferably), not to mix the ingredients.;This cocktail is drunk ""cul-dry."" It feels relatively little alcohol initially because the grenadine is in the glass. After a few seconds, you feel the spiciness of Tabasco.}}"
7-recipe,Cocktail Martini,martini;citrus fruit;lemon,FALSE,low,2,3,TRUE,FALSE,none,300,Mix the liquids. Cut the lemon into chunks and add it. Serve chilled with ice.}}
8-recipe,Cocktail Sparkling Strawberry Lime (without alcohol),strawberry;sugar;Lime juice;Lemonade,TRUE,none,2,4,TRUE,TRUE,sweet,40,"Wash, remove stems fraises.Les mixer.Ajouter put in the lime juice and lemonade and sucre.Mixer.Verser mixer nouveau.Reserver refrigerate until serving time.;Here it is finished!;Enjoy it!}}"
9-recipe,Citrus cocktail without alcohol,Orange juice;lemon juice;strawberry,FALSE,none,2,3,TRUE,TRUE,sweet,11,Measure each of the ingredients and pour into a shaker. Shake well. Pour into a cocktail glass or champagne flute. Repeat the operation for each person.}}
10-recipe,Citrouillette (champagne cocktail),Noilly_Prat;champagne,FALSE,high,2,2,FALSE,FALSE,none,12,Pour Nouilly Prat in a glass and add Champagne fresh.;Taste is excellent.}}
11-recipe,Cocktail Grand Paradis,cognac;Apricot juice;champagne,FALSE,high,3,3,FALSE,TRUE,none,16,Mix in a shaker cognac and apricot juice.;Pour into a glass (tulip type) and fill with champagne.}}
12-recipe,Cocktail Red Lion,Whiskey;Creme de cassis;Benedictine;pastis;ice cube,FALSE,high,4,5,FALSE,FALSE,none,4,"Fill a shaker with ice, pour the different alcohols. Close and shake strongly few seconds.;Serve.}}"
13-recipe,Bacardi Cocktail,rum;grenadine;lemon juice,FALSE,high,3,3,FALSE,TRUE,none,42,"1. Put the rum, grenadine syrup and lemon juice in a shaker.Shake.}}"
14-recipe,Cocktail Balalaika,vodka;cointreau;lemon juice;lemon;ice cube,FALSE,high,3,5,TRUE,TRUE,none,10,Pour alcohol and lemon juice in a tall glass over ice.;Garnish with lemon slices.}}
15-recipe,Raifortissimo,apple juice;lemon juice;wasabi;kiwi fruit;ice cube,FALSE,none,2,5,TRUE,TRUE,spicy,8,"Mix the kiwi fruit, add the juices, wasabi and ice cube.;Serve in a glass.}}"
16-recipe,Cocktail Cranberry-orange,Cranberry juice;Orange juice;raspberry;lemon;lemon juice,FALSE,none,2,5,TRUE,TRUE,none,35,Mix the two juices.;Add the raspberries and lemon juice.;Mix everything pureed.;Serve chilled or with ice cubes.;Decorate your glasses with a slice of lemon or orange.;To your health!}}
17-recipe,Pina Colada (cocktail),malibu rum;light whipping cream;Pineapple juice;white rum;ice cube,FALSE,high,2,5,FALSE,TRUE,none,40,Put all ingredients except ice cubes in a blender and run at high speed for about 30 seconds.;Put ice cubes in glasses and pour over the cream obtained.}}
18-recipe,Coconut cocktail lovers,coconut;white rum,FALSE,high,1,2,TRUE,FALSE,none,10,"Pierce the coconut in 3 places on the top, and drain the water inside.;Completely fill white rum.;Plug the holes by cropping a cork, and seal by pouring wax candle dessus.Ranger standing in the refrigerator for 3 weeks.}}"
19-recipe,Cocktail appetizer,dry white wine;sugar;lemon;orange;rum;sparkling water,TRUE,high,2,6,TRUE,FALSE,sweet,230,Mix all ingredients and serve chilled.}}
20-recipe,Porto Flip,Porto;cognac;egg;cinnamon;nutmeg;cane sugar syrup;ice cube,TRUE,high,2,7,FALSE,FALSE,sweet,6,"In a shaker, put alcohol and cane syrup. Then add the spices. Mix with a long spoon.;Add egg and ice cubes. Close the shaker and mix.;Serve in a cocktail glass, saupodrer a little cinnamon.;It can do so only with port too.}}"
21-recipe,Shoot up,Mangalore;sparkling water;apricot,FALSE,none,3,3,FALSE,FALSE,sweet,12,Mix syrup and mangalore.;Then fill the glass by fresh carbonated water.}}
22-recipe,The kiss of Smurfette,vodka;Blue curacao;Lemonade;Banana juice,FALSE,low,4,4,FALSE,TRUE,sweet,14,Pour all ingredients in order in a martini glass or cocktail and serve very very cool!}}
23-recipe,Cocktail Praslin Islands,Manguo juice;Pineapple juice;Passion fruit juice;Lime juice;sugar,TRUE,none,4,5,FALSE,TRUE,sweet,2080,The whole is mixed in a bottle.;Shaken well for about 20 seconds and put in the fridge for it to be chilled before serving.;Serve in tall glasses and cocktail with pretty colored straws.}}
24-recipe,Arranged with apple rum,rum;apple juice;cane sugar;cinnamon,TRUE,low,3,4,FALSE,TRUE,sweet,135,"In a bottle, mix 25 cl dark rum with a liter of apple juice and complete with a shot of sugar cane.;Flavored with cinnamon or other according to your tastes, then let stand at least one day for the maceration is complete.}}"
25-recipe,Gin fizz easy,Gin;lime;cane sugar;sparkling water,TRUE,low,3,4,FALSE,TRUE,sweet,14,"Put all ingredients in a shaker and shake vigorously until the walls of the shaker to fog.;Pour the contents of the shaker into the two glasses with soda water and then lie down.;Serve chilled with crushed ice, a straw and a slice of lime.}}"
26-recipe,Cider cocktail,Hard cider;Creme de cassis;cointreau,FALSE,high,3,3,FALSE,FALSE,sweet,13,Mix cassis and Cointreau.;Keep cool all ingredients.;At the last minute add the cider.}}
27-recipe,Planter's Punch,dark rum;lemon juice;orange juice;syrup;Grenadine,FALSE,low,5,5,FALSE,TRUE,sweet,19,"Pour the rum, grenadine and lemon juice into a mixing glass filled with ice cubes.;Shake well.;Strain into a highball glass filled with ice cubes.;Add the grenadine.}}"
28-recipe,Coconut cocktail,vodka;rice milk;coconut;ice cream;cane sugar;ice cube,TRUE,low,4,6,TRUE,FALSE,sweet,340,Put everything in a blender and enjoy.}}
29-recipe,Walnut cocktail coconut coffee,malibu rum;coconut milk;Tamarin juice;coffee;cane sugar syrup;ice cube,TRUE,low,5,6,FALSE,TRUE,sweet,22,Place ingredients in a shaker. Shake vigorously by firmly with both hands the shaker and plugs.;Pour into pretty glasses cocktail.Decorer this preparation hazelnut powder.}}
30-recipe,Rinse drops (cocktail),apple cider;cognac;Creme de cassis;ice cube,FALSE,high,3,4,FALSE,FALSE,none,150,"In a large bowl, start by putting the creme de cassis, then add the brandy and finally the bottle of cider.;Add last ice for the drink fresh.}}"
31-recipe,Cocktail MAP,White martini;Angostura bitter;grapefruit juice,FALSE,high,2,3,FALSE,TRUE,none,5,"Put the flutes in the freezer.;Squeeze the grapefruit or open the bottle or carton ...;Pour one third martini, two thirds grapefruit juice 1 dash Angostura.;For the decoration: put a twist on each glass bread with poppy seeds and sugar baked golden but steeped in love and of course ... MAP}}"
32-recipe,Mojito with Basil,white rum;sparkling water;cane sugar syrup;brown sugar;lime;anise basil;ice cube,TRUE,low,3,7,TRUE,FALSE,sweet,20,"Cut a slice of Lime and settle to the bottom of the glass cocktail.Mettre ice in a clean cloth, and mash with a marteau.Couper basil leaves into small pieces and mix with ice pilee.Remplir glass crushed / basil ice cream 2 tiers.Ajouter 5 cl of rum, 5 cl of liquid cane sugar and the juice of the remaining lime, then fill with water gazeuse.Saupoudrer brown sugar.}}"
33-recipe,Cocktail orchard,apricot liqueur;apple liqueur;Pear juice;ice cube,FALSE,low,3,4,FALSE,TRUE,none,21,"In a large cocktail glass, install the 3 ice cubes.;Pour each ingredient in the order listed above.;Mix well and enjoy!}}"
34-recipe,Cocktail Pomenas,grapefruit juice;Pineapple juice;apple juice;raspberry;ice cube,FALSE,none,3,5,TRUE,TRUE,none,60,"Pour the juice into a jug, add the raspberries to give color and ice to cool.;Serve chilled.}}"
35-recipe,Cocktail KidiCana,apple juice;Currant syrup;lemongrass;ginger;ice cube,FALSE,none,2,5,FALSE,TRUE,sweet,6,Chop the lemongrass.;Place all ingredients in a shaker.;Add half of crushed ice.;Shake and pour into a glass filled the rest of crushed ice.;To your health!}}
36-recipe,Cocktail paradise,Orange juice;vodka;pisang ambon;cane sugar syrup,TRUE,low,4,4,FALSE,TRUE,sweet,18,"Gather the ingredients, except the Pisang ambon in a shaker. Hit.;Pour into a cocktail glass, then add Pisang.;Serve chilled.}}"
37-recipe,Cava Cocktail Vodka Lemon,cava;vodka;lime;lime zest,FALSE,high,3,4,TRUE,FALSE,none,14,Mix the vodka and lime syrup.;Pour Cava in a flute.;Gently stir the mixture vodka lime.;Garnish with lime zest.}}
38-recipe,Aperol Spritz: Italian sparkling cocktail,Prosecco;soda water;ice cube;blood orange,FALSE,high,2,4,TRUE,FALSE,none,13,Prepare the desired amount of cocktail in the proportions!;Top with ice and a piece of orange (blood if possible).;Health!}}
39-recipe,Limoncello cocktail,orange;Amber rum;lemon liqueur;ice cube,FALSE,high,1,4,TRUE,FALSE,none,5,"Pour the dark rum in the glass.;Press the 2 oranges and add the juice rum.;Add the line of Limoncello, stir and add a few ice cubes.;It's ready!}}"
40-recipe,Cuban Mojito,cane sugar;lime;mint;sparkling water;rum;ice cube,TRUE,low,0,6,TRUE,FALSE,minty,0,"In a medium sized glass (capacity 40 cl), put 3 teaspoons of sugar.;Add the juice of 1/2 lime.;Cut into 3 or 4 your sprig of mint and put it in the glass (the fact of the cut allows the flavor of the mint better spread).;Add a little soda water (about 3 cl) and then with a teaspoon, mix well and crush the mint (insist on branches than on the leaves, otherwise there will be full of little bits of mint rather unpleasant at the time to enjoy your cocktail!).;Add about 5 ice cubes.;Then pour 6 cl Rum (by paying the mean flow). For the dose rather loaded, count to 5, for the light dose to 4.;Finally, fill with soda water.}}"
41-recipe,Delicious tropical cocktail,Orange juice;grapefruit juice;Pineapple juice;lemon;malibu rum;Grenadine,FALSE,high,5,6,TRUE,TRUE,sweet,25,"For 1 glass:;$ 5 cl Malibu, then add 1/3 grapefruit, 1/3 orange and 1/3 pineapple, then add a dash of lemon juice 1 dash grenadine for decoration.}}"
42-recipe,Cocktail champanise,sparkling wine;cointreau;lemon;cane sugar syrup;ice cube,TRUE,high,2,5,TRUE,FALSE,sweet,500,"In a large bowl, pour Cointreau, lemon juice with the pulp and sugar syrup cane.;Pour sparkling last.;Add ice.;Serve in glasses cool (the ideal is to refrigerate before).}}"
43-recipe,Negroni Cocktail,campari;Gin;Angostura bitter;soft drink;ice cube;Orange,FALSE,low,4,6,TRUE,FALSE,none,31,Combine ingredients in a highball glass (tumbler) and serve.}}
44-recipe,Cocktail fruit juice for children,Pineapple juice;apple juice;ice cube;pineapple;apple;powdered sugar,TRUE,none,0,6,TRUE,TRUE,sweet,0,"Put the apple juice and pineapple juice in a tall glass and mix.;Add sugar and stir again, then add ice.;To 5 minutes in the fridge.;When serving, put the slices of pineapple and apples on the edge of the glass for decoration.}}"
45-recipe,Creole cream (cocktail),white rum;Vermouth;lemon juice;grenadine,FALSE,high,4,4,FALSE,TRUE,sweet,12,"Pour the rum, vermouth, lemon juice and grenadine.}}"
46-recipe,Fruit cocktail with lime,coconut milk;multivitamin juice;Lime juice;ice cube;lime,FALSE,none,2,5,TRUE,TRUE,none,30,Pour 10 cl of coconut milk 20 cl of multivitamin juice in a shaker.;Add a teaspoon of lime juice and a few ice cubes.;Mix well and serve in a glass cockail; decorate with a slice of lime.}}
47-recipe,White russian cocktail,vodka;Creme de cafe;whole milk;ice cube,FALSE,high,3,4,FALSE,FALSE,none,80,"Put in a blender 20 cl cream coffee, vodka 30 cl and 30 cl of milk.;Add ice cubes and blend a few seconds so that the milk foam.;Enjoy this chilled cocktail!}}"
48-recipe,Margarita,tequila;triple sec;lime juice;salt,FALSE,high,3,4,FALSE,TRUE,salty,10,"Rum the rim of a cocktail glass with lime juice, and dip in salt.;Shake all ingredients with ice, strain into the glass, and serve.}}"
49-recipe,Rainbow,Orange juice;vodka;Grenadine;Blue curacao,FALSE,low,4,4,FALSE,TRUE,sweet,18,"Recipe for 10 glasses. Pour grenadine in a shaker, fill the shaker with ice 2/3, pour the vodka, pour the orange juice. Finish filling the shaker with ice cubes. Carefully pour the curacao, to not mix, pour the mixture into glasses lined all without stopping.;Serve in glasses type;The color of the contents of each glass will be different by creating a beautiful visual effect gradient type arc-en-ciel a glass to another. Also called Rainbow Shot or Double Rainbow.}}"
50-recipe,Cocktail Sundays snow,raspberry;currant;grapefruit;orange,FALSE,none,0,4,TRUE,FALSE,none,0,"To the bottom of a pretty glass, raspberries and syrup.;Add orange juice and grapefruit hurry.;Serve chilled and watch the snow through the window, wondering if, indeed, it will come out today.}}"
51-recipe,Ginger cosmo,ginger;vodka;triple sec;Lime juice;Cranberry juice,FALSE,high,4,5,FALSE,TRUE,none,9,"This recipe is prepared in a shaker and pestle.;Peel the ginger and crush coarsely. The pound in the bottom of the shaker to bring out the maximum juice.;Add remaining ingredients with ice, close the shaker and shaker for at least 10 seconds.;Pour into a cocktail glass martini kind filtering well.}}"
52-recipe,Pink cocktail whiskey,raspberry;coriander;Whiskey;Sour cream;pistachio nut,FALSE,low,2,5,TRUE,FALSE,sour,20,1. Mix the raspberries with cream and 15 ml water glacee.Repartissez the mixture in glasses.;2. Add a dash of whiskey and sprinkle with pistachios concassees.Decorez a rod coriander and keep cool until ready to serve.}}
53-recipe,Cocktail grapefruit mint,grapefruit;ice cube;brown sugar;mint,TRUE,none,0,4,TRUE,FALSE,minty,0,"Remove grapefruit juice, pour the juice into the blender, add the remaining ingredients and mix everything!}}"
54-recipe,Fruit cocktail,banana;apple;kiwi fruit;water;vanilla sugar;Brown sugar,TRUE,none,1,6,TRUE,FALSE,sweet,30,"Peel and cut the fruit into pieces.;Put them in the blender (or any other container cocktail) and mix everything, adding water little by little, until the desired consistency (I like it when it's a bit thick) .;Then add the vanilla sugar and brown sugar, to taste.;Mix one last time for the sugar fits well to the mixture.;Chill for an hour and enjoy!}}"
55-recipe,Champagne cocktail mint lime,champagne;ice cube;Lime juice;mint;lemon zest,FALSE,high,1,5,FALSE,TRUE,minty,10,Put in a glass of ice at will. Add cut in half and full sheet for decoration. Join lime juice and Champagne overwhelm. Let stand 2 minutes time as flavor goes. Then enjoy!}}
56-recipe,Bloody mary,vodka;tomato juice;lemon juice;worcestershire sauce;tabasco sauce;celery salt;pepper,FALSE,low,4,7,FALSE,TRUE,salty,16,"Combine tomato juice, vodka, lemon juice;Season with celery salt, pepper and tabasco if you want}}"
57-recipe,Tequila sunrise,tequila;orange juice;Grenadine,FALSE,low,3,3,FALSE,TRUE,sweet,20,"Pour tequila in a highball glass with ice, and top with orange juice;Stir;Add grenadine by tilting glass and pouring grenadine down side by flipping the bottle vertically very quickly}}"
58-recipe,Cocktail drink with raspberries,white wine;sparkling wine;raspberry;sugar,TRUE,high,2,4,TRUE,FALSE,sweet,300,"Mix white wine, sparkling wine and sugar.;Add frozen raspberries ...;Taste very fresh ...}}"
59-recipe,Cocktail cardinal,ice cube;campari;Noilly Prat;Gin,FALSE,high,3,4,FALSE,FALSE,none,9,"In a shaker, fill with ice moitie.Verser ingredients.;Hit.;Serve in a cocktail glass and add lemon zest.}}"
60-recipe,Cocktail anapomise,Cherry juice;apple juice;Pineapple juice;Plum brandy;cane sugar,TRUE,low,5,5,FALSE,TRUE,sweet,79,Mix all ingredients and serve chilled.}}
61-recipe,Daiquiri,white rum;lime juice;cane sugar syrup;Ice cube,TRUE,high,3,4,FALSE,TRUE,sweet,7,"Pour the rum, lime juice and sugar syrup into a cocktail shaker with ice cubes.;Shake well.;Strain into a chilled cocktail glass.}}"
62-recipe,Sangria without alcohol,sangria syrup;grape juice;orange juice;lemon juice;fruit,FALSE,none,4,5,TRUE,TRUE,sweet,138,Mix syrup and juices in a big container.;Add cuted season fruits.;Put it in the refrigerator for 4 hours before serving}}
63-recipe,Cocktail Tropical Sunshine,Pineapple juice;Orange juice;Currant syrup;coconut;ice cube,FALSE,none,3,5,TRUE,TRUE,sweet,17,Pour the juice chilled fruit and blackcurrant syrup in a large glass.;Add a few ice cubes and sprinkle with shredded coconut.}}
64-recipe,Light cocktail martini,red martini;sparkling mineral water;lime;mint;sugar,TRUE,high,2,5,TRUE,FALSE,minty,200,"Pour the martini into a large pitcher, add sugar and melt.;Mix and chill at least 4 hours (overnight is better).;When ready to serve, pour the soda bottle.}}"
65-recipe,Screwdriver,vodka;orange juice,FALSE,low,2,2,FALSE,TRUE,none,16,"In a glass, mix ingredients together}}"
66-recipe,Italian prosecco cocktail,Prosecco;litchi;Litchi juice;berry juice;Lemonade,FALSE,low,4,5,FALSE,TRUE,none,215,Mix ingredients just before serving.;Pour into tall glasses.;Possibly prepare a skewer with a cherry and lychee per person.}}
67-recipe,Virevoltage,malibu rum;Litchi liqueur;Pineapple juice;apple juice;strawberry,FALSE,low,5,5,TRUE,TRUE,none,14,"In a cocktail glass filled with ice cubes, put the Malibu and Soho.;Fill half glass of pineapple juice and half apple juice, add a drop of strawberry syrup or grenadine.;Serve chilled.;Cokctail good at all!}}"
68-recipe,Lemon-mint cocktail (without alcohol),mint;cane sugar;Lime juice;lemon juice;mint;lemon slice,TRUE,none,3,6,FALSE,TRUE,minty,9,"Place in a shaker, with ice, mint syrup, sugar syrup, and lemon juice. Shake well.;Pour into a glass, garnish with a sprig of mint and a slice of lemon.}}"
69-recipe,Champagne cocktail and sake,champagne;Rice wine;coriander,FALSE,high,2,3,FALSE,FALSE,none,91,"In a champagne flute, pour 4 cl sake and fill with Champagne.;Add a sprig of cilantro glass.;To your health.}}"
70-recipe,Frosty lime,lime;grapefruit juice;mint syrup;mint,FALSE,none,2,4,TRUE,TRUE,minty,4,Mix the sorbet with the juice and the syrup.;Serve in a glass with fresh mint decoration}}
71-recipe,Cocktail Saltwater,sparkling wine;Blue curacao;triple sec;Lemon syrup;Orange syrup;cane sugar,TRUE,low,5,6,FALSE,FALSE,sweet,185,"In a large bowl mix the triple sec, curacao, the pulco lemon, orange pulco and sugar cane.;Then add bottles of sparkling fresh well.;Serve immediately.}}"
72-recipe,Grand Marnier sour (cocktail),grand marnier;lemon juice,FALSE,high,2,2,FALSE,TRUE,none,6,"In a shaker put Grand Marnier and lemon juice, and serve hit dan a large cocktail glass}}"
73-recipe,Amber apple cocktail,apple;lemon;ice cube;apple juice;calvados;Creme de cassis;champagne;blackcurrant;apple;pineapple,FALSE,high,4,10,TRUE,TRUE,none,32,"Cut an apple into thin slices and sprinkle with lemon juice. Book.;6 Put ice in your shaker, pour 10 cl apple juice 5 cl and 10 cl calvados creme de cassis.;Shake for 10 seconds.;Divide into 4 cocktail glasses, then fill with champagne.;Decorate blackcurrant, apple and pineapple.}}"
74-recipe,Caipirinha,cachaca;lime;Granulated sugar;ice cube,TRUE,high,1,4,TRUE,FALSE,sweet,4,"In a large rocks glass squeeze and drop in 2 eighths of lime.;Add sugar, crush and mix with a spoon.;Pour in the cachaca and plenty of ice.;Stir well.}}"
75-recipe,Whisky Cocktail Cranberries,Whiskey;Cranberry juice,FALSE,low,2,2,FALSE,TRUE,none,9,Just mix everything and ... Cheers!}}
76-recipe,Aquarium,Blue curacao;white rum;tequila;martini;cane sugar,TRUE,high,4,5,FALSE,FALSE,sweet,12,"Mixing in a transparent container, resembling as much as possible in an aquarium, if you do not! Mix.;Add ice cubes, and place in the fridge.;Decorate your container, incorporating elements of decoration.;The aquarium should be surprising indeed! Proportions are adapted according to the number of people.;This cocktail normally drink through a straw.}}"
77-recipe,Melon cocktail bubbles,melon;Cremant;cane sugar;lemon;ice cube,TRUE,high,2,5,TRUE,FALSE,sweet,110,"Remove the seeds of melons and melon mix.;Squeeze the lemon.;Mix it with sparkling wine, then add ice cubes and sweeten to taste.;Serve immediately.}}"
78-recipe,Le vandetta,juice;orgeat;strawberry;strawberry,FALSE,none,3,4,TRUE,TRUE,sweet,19,Wash and hull the strawberries;Mix all the ingredients and serve in a glass quickly}}
79-recipe,Pink 3x6 (cocktail),lime;lemon;Strawberry juice;grapefruit juice;fruit syrup;Lemonade;ice cube,FALSE,none,3,7,TRUE,TRUE,sweet,150,"Press three limes and three lemons, put the juice in a bowl.;Add the juice of raspberry and pink grapefruit.;Pour three tablespoons of rose syrup.;Mix and keep preparing fresh.;Just before serving, pour the lemonade well and add ice cubes.}}"
80-recipe,Mojito,white rum;mint;lime;sugar;Sparkling water;ice cube,TRUE,low,2,6,TRUE,FALSE,minty,16,"Place mint leaves, the sugar, and the cubed lemon into a glass.;Use a muddler to crush the mint and lime to release the mint oils and lime juice.;Fill the glass almost to the top with ice.;Pour the rum over the ice, and fill the glass with carbonated water.}}"
81-recipe,Cocktail Pomabricotine,Apricot juice;apple juice;sparkling water;liqueur;grenadine,FALSE,low,5,5,FALSE,TRUE,sweet,133,"Mix all ingredients, chill and add fresh sparkling water at the last moment to keep the bubbly.}}"
82-recipe,EssaiCCC,lemon;pear;vodka,FALSE,high,0,3,TRUE,FALSE,none,0,{{Preparation|text=* Preparation text}}
83-recipe,Baywatch (cocktail of the colors of the famous swimwear ... or almost),malibu rum;cherry;guava juice;currant,FALSE,low,3,4,TRUE,TRUE,none,200,Mix all ingredients together in a large pitcher.;Place in the fridge at least 3 hours before serving.;Clink clink!}}
84-recipe,Bora bora,pineapple juice;passion fruit juice;grenadine;lemon juice;ice cube,FALSE,none,4,5,FALSE,TRUE,sweet,19,Make this recipe in a shaker. Serve in a glass over ice with a slice of orange.}}
85-recipe,Cocktail de fruits,banana;apple;kiwi fruit;water;vanilla sugar;Brown_sugar,TRUE,none,1,6,TRUE,FALSE,sweet,30,"Peel and cut the fruit into pieces.;Put them in the blender (or any other container cocktail) and mix everything, adding water little by little, until the desired consistency (I like it when it's a bit thick) .;Then add the vanilla sugar and brown sugar, to taste.;Mix one last time for the sugar fits well to the mixture.;Chill for an hour and enjoy!}}"
86-recipe,Cocktail latte,coffee liqueur;Whiskey;rice milk;cane sugar;ice cube,TRUE,low,4,5,FALSE,FALSE,sweet,40,"In a shaker, pour all ingredients 2 ice cubes. (Spreading other ice cubes in the glass). Shake the shaker until the ice is melted quasimment.;Pour into a large glass or flared to obtain a creamy foam.}}"
87-recipe,Cocktail kumquat and lychee,kumquat;litchi;clementine orange;orange;water;Lemonade,FALSE,none,2,6,TRUE,FALSE,none,200,Mix all the fruit in a blender and water until blended.;Add a liter of lemonade.;Refrigerate 1 hour.}}
88-recipe,Mexican cocktail in my way,tequila;guava juice;Pineapple juice;apple juice;vanilla sugar;mint,TRUE,low,4,6,FALSE,TRUE,minty,270,"Combine guava juice and pineapple.;Add tequila and apple juice.;Mix.;Add the vanilla sugar and shake until the sugar is melted.;Chop the mint leaves and incorporate cocktail.;Reserve in the fridge for 12-24 hours.;Attention alcohol tequila fades quickly.;We do feel almost at the end of 48 hours, so do not prepare too soon.;Filter the mixture and serve chilled.}}"
89-recipe,Fraisalia cocktail (without alcohol),strawberry;Orange juice;strawberry syrup;Lemonade;ice cube,FALSE,none,3,5,TRUE,TRUE,sweet,260,"Place in a bowl chopped strawberries, orange juice and strawberry syrup.;Refrigerate at least 2 hours.;When ready to serve, add the lemonade and ice cubes.}}"
90-recipe,Sweet pink cocktail,raspberry;lemon;ice cube;grape juice;Orange juice;Schweppes;berry,FALSE,none,3,7,TRUE,TRUE,none,35,"Pour into the bowl of a mixer raspberries and lemon juice. Mix for fine grout.;Chill a cocktail shaker with ice 6. Discard the water and then turn 2 ice cubes, raspberry filtered grape juice and orange juice.;Add 10 seconds, then pour into 4 tall glasses.;Fill with Schweppes.;Decorate with berries.}}"
91-recipe,Red cocktail,pear liqueur;strawberry syrup;peach juice;vodka,FALSE,low,4,4,FALSE,TRUE,sweet,18,Mix in a glass the following proportions:;40% of lychee liqueur;20% of strawberry liqueur;40% orange juice.;And lively aperitif!}}
92-recipe,Cocktail Sweet Melon,melon;lime;Orange juice;Pineapple juice;soda water,FALSE,none,3,5,TRUE,TRUE,none,300,Cut the flesh from the melon.;Squeeze the limes.;Pour the juice into a bowl.;Add the diced melon and let rest in the fridge for 2 hours.;Add sparkling water just before serving.}}
93-recipe,Champagne cocktail,brown sugar;Angostura bitter;cognac;champagne,TRUE,high,2,4,FALSE,FALSE,sweet,9,"Place ingredients directly into a glass champagne flute type in the following order:;Soak the piece of angostura sugar, then put it at the bottom of a champagne flute.;Gently pour the cognac (it should cover the piece of sugar).;Fill with chilled champagne.}}"
94-recipe,Cocktail variant (based rose),blush wine;orange syrup;Orange juice,FALSE,high,3,3,FALSE,TRUE,sweet,900,mix well;Very cool drink}}
95-recipe,Double show,gin;orange juice;mint syrup;apple liqueur,FALSE,low,4,4,FALSE,TRUE,minty,20,{{Preparation|text=}}
96-recipe,Hulk (cocktail),White martini;Get_27;grapefruit juice,FALSE,high,3,3,FALSE,TRUE,none,18,Mix all the above in a small cup cocktail ingredients.;Add an ice cube or two and ... enjoy!}}
97-recipe,Cocktail mexicanos,beer;Pineapple juice;strawberry syrup,FALSE,low,3,3,FALSE,TRUE,sweet,27,"In a beer glass, add a dash of strawberry syrup.;Complete with beer, tipping the glass to avoid excessive foaming, and then pour the pineapple juice.;Drink very fresh.}}"
98-recipe,Black velvet,stout;champagne,FALSE,high,2,2,FALSE,FALSE,none,24,"Pour the stout and champain together in a class, being careful to ensure there is no overspill.}}"
99-recipe,Champagne soup (cocktail),cointreau;cane sugar;lime;ice cube;champagne,TRUE,high,3,5,TRUE,FALSE,sweet,99,"Pour into a container Cointreau, cane sugar and lemon juice.;Soak overnight.;Add the Champagne before serving with ice.}}"
100-recipe,Cuba libre,white rum;lime;coca-cola,FALSE,low,2,3,TRUE,FALSE,none,21,Squeeze the juice of half a lime into a collins glass.;Add ice cubes.;Add cola.;Stir well.}}
101-recipe,Tutti cocktail,strawberry syrup;peach syrup;vodka;apple;ice cube,FALSE,low,4,5,TRUE,FALSE,sweet,12,"Mix in a shaker and add ice.;For a small effect, to the strawberry syrup after mixing.}}"
102-recipe,Pina colada,white rum;amber rum;pineapple juice;coconut milk;crushed ice,FALSE,low,4,5,FALSE,TRUE,none,22,"Pour rum, cream of coconut and pineapple juice into a blender with one cup of crushed ice;Blend until smooth}}"
103-recipe,Strawberry Margarita,ice cube;lime;strawberry;tequila;cointreau;sugar,TRUE,high,2,6,TRUE,FALSE,sweet,32,"Wash and hull strawberries. Put ice cubes in a food processor and mix with strawberries.;Squeeze the limes. Put the tequila, Cointreau and lemon juice in a measuring with 2 tablespoons sugar.;Mix and pour into a blender with crushed ice and strawberries.;Decorate glasses of sugar (wet glasses in lemon juice and then dip them in sugar).;Divide cocktail in glasses and health!}}"
104-recipe,Pink cocktail pink grapefruit,blush wine;grapefruit juice;grenadine,FALSE,high,3,3,FALSE,TRUE,sweet,110,"In a large pitcher, pour the grenadine syrup and rose wine and grapefruit juice.;Serve chilled.}}"
105-recipe,"Bacardi cocktail, grenadine, lemon",rum;Grenadine;lemon juice,FALSE,high,3,3,TRUE,FALSE,sweet,42,"Put the grenadine syrup, lemon juice and Bacardi in a shaker.;Strongly shake.;Pour into glasses and serve immediately.}}"
106-recipe,MTS Cocktail,martini;triple sec;cane sugar syrup;multivitamin juice,TRUE,high,4,4,FALSE,FALSE,sweet,150,"In a large pitcher, combine all ingredients and mix. Let stand one hour in the refrigerator.;A taste very fresh.}}"
107-recipe,Madras Cocktail,Orange juice;white wine;Grenadine,FALSE,low,3,3,FALSE,TRUE,sweet,65,Mix orange juice with white wine.;Pour into glasses. Add a dash of grenadine.}}
